đà tăng_trưởng cao,positive
xu_hướng bùng_nổ,positive
hiện_đại,positive
mở_rộng mạng_lưới,positive
niềm tin,positive
tiện_lợi,positive
nhu_cầu,positive
hưởng lợi,positive
tiên_tiến,positive
màu_mỡ,positive
miếng bánh,positive
lợi_thế cạnh_tranh,positive
hợp_tác,positive
cải_thiện,positive
kết_hợp hoàn_hảo,positive
lợi_thế,positive
thành_công,positive
đa_dạng sản_phẩm,positive
ưu_đãi lớn,positive
thân_thiết,positive
tối_ưu_hóa,positive
kiểm_soát quy_trình,positive
tiết_kiệm,positive
hoàn_thiện,positive
khả_quan,positive
mở_rộng thị_phần,positive
hỗ_trợ,positive
phục_hồi,positive
lãi tăng,positive
báo lãi,positive
tầng_lớp trung_lưu,positive
dân_số vàng,positive
chất_lượng sản_phẩm,positive
sức_khỏe,positive
nhu_cầu tiêu_dùng,positive
độ tuổi lao_động,positive
hàng hóa_cơ_bản,positive
hàng_hóa cao_cấp,positive
quy_mô hộ gia_đình,positive
nền giáo_dục,positive
tuổi_thọ,positive
tỷ_lệ đô_thị_hóa,positive
cơ_sở hạ_tầng,positive
siêu_thị,positive
nguồn vốn,positive
hiểu_biết tiêu_dùng,positive
công_nghệ,positive
số cửa_hàng,positive
mặt_bằng,positive
vị_trí,positive
thương_mại điện_tử,positive
mô_hình bán_lẻ,positive
chiếm_thị_phần,positive
độ_phủ,positive
vị_thế đàm_phán,positive
hệ_thống ERP,positive
biên gộp lợi_nhuận,positive
mua ròng,positive
nới room,positive
tăng trần,positive
sắc_xanh,positive
bứt_phá,positive
lực đẩy,positive
mã tăng,positive
giao_dịch tích_cực,positive
lực cầu tăng,positive
tăng vốn,positive
tiếp_tục,neutral
duy_trì,neutral
dấu_hiệu,neutral
đi ngang,neutral
đứng giá,neutral
thận_trọng,neutral
rung_lắc,neutral
hạ_nhiệt,negative
áp_lực,negative
lo_ngại,negative
rào_cản,negative
rủi_ro cạnh_tranh,negative
khó_khăn,negative
yếu_kém,negative
chưa phổ_biến,negative
sự_cố,negative
gay_gắt,negative
chững lại,negative
báo lỗ,negative
chi_phí sinh_hoạt,negative
chi_phí nuôi con,negative
chi_phí vận_chuyển,negative
giá_cả,negative
lãi_suất vay,negative
giá nguyên_liệu,negative
bán ròng,negative
lực kéo,negative
thu_hẹp đà_giảm,negative
giảm sàn,negative
giảm_giá,negative
mã_giảm,negative
lực cầu giảm,negative
tiêu_cực,negative